user_id,variant,segment,converted,revenue
A-new-001,A,new,1,40
A-new-002,A,new,1,40
A-new-003,A,new,1,40
A-new-004,A,new,1,40
A-new-005,A,new,1,40
A-new-006,A,new,1,40
A-new-007,A,new,1,40
A-new-008,A,new,1,40
A-new-009,A,new,1,40
A-new-010,A,new,0,0
A-new-011,A,new,0,0
A-new-012,A,new,0,0
A-new-013,A,new,0,0
A-new-014,A,new,0,0
A-new-015,A,new,0,0
A-new-016,A,new,0,0
A-new-017,A,new,0,0
A-new-018,A,new,0,0
A-new-019,A,new,0,0
A-new-020,A,new,0,0
A-new-021,A,new,0,0
A-new-022,A,new,0,0
A-new-023,A,new,0,0
A-new-024,A,new,0,0
A-new-025,A,new,0,0
A-new-026,A,new,0,0
A-new-027,A,new,0,0
A-new-028,A,new,0,0
A-new-029,A,new,0,0
A-new-030,A,new,0,0
A-new-031,A,new,0,0
A-new-032,A,new,0,0
A-new-033,A,new,0,0
A-new-034,A,new,0,0
A-new-035,A,new,0,0
A-new-036,A,new,0,0
A-new-037,A,new,0,0
A-new-038,A,new,0,0
A-new-039,A,new,0,0
A-new-040,A,new,0,0
A-new-041,A,new,0,0
A-new-042,A,new,0,0
A-new-043,A,new,0,0
A-new-044,A,new,0,0
A-new-045,A,new,0,0
A-new-046,A,new,0,0
A-new-047,A,new,0,0
A-new-048,A,new,0,0
A-new-049,A,new,0,0
A-new-050,A,new,0,0
A-new-051,A,new,0,0
A-new-052,A,new,0,0
A-new-053,A,new,0,0
A-new-054,A,new,0,0
A-new-055,A,new,0,0
A-new-056,A,new,0,0
A-new-057,A,new,0,0
A-new-058,A,new,0,0
A-new-059,A,new,0,0
A-new-060,A,new,0,0
A-returning-001,A,returning,1,40
A-returning-002,A,returning,1,40
A-returning-003,A,returning,1,40
A-returning-004,A,returning,1,40
A-returning-005,A,returning,1,40
A-returning-006,A,returning,1,40
A-returning-007,A,returning,1,40
A-returning-008,A,returning,0,0
A-returning-009,A,returning,0,0
A-returning-010,A,returning,0,0
A-returning-011,A,returning,0,0
A-returning-012,A,returning,0,0
A-returning-013,A,returning,0,0
A-returning-014,A,returning,0,0
A-returning-015,A,returning,0,0
A-returning-016,A,returning,0,0
A-returning-017,A,returning,0,0
A-returning-018,A,returning,0,0
A-returning-019,A,returning,0,0
A-returning-020,A,returning,0,0
B-new-001,B,new,1,40
B-new-002,B,new,1,40
B-new-003,B,new,1,40
B-new-004,B,new,1,40
B-new-005,B,new,1,40
B-new-006,B,new,1,40
B-new-007,B,new,1,40
B-new-008,B,new,1,40
B-new-009,B,new,0,0
B-new-010,B,new,0,0
B-new-011,B,new,0,0
B-new-012,B,new,0,0
B-new-013,B,new,0,0
B-new-014,B,new,0,0
B-new-015,B,new,0,0
B-new-016,B,new,0,0
B-new-017,B,new,0,0
B-new-018,B,new,0,0
B-new-019,B,new,0,0
B-new-020,B,new,0,0
B-new-021,B,new,0,0
B-new-022,B,new,0,0
B-new-023,B,new,0,0
B-new-024,B,new,0,0
B-new-025,B,new,0,0
B-new-026,B,new,0,0
B-new-027,B,new,0,0
B-new-028,B,new,0,0
B-new-029,B,new,0,0
B-new-030,B,new,0,0
B-new-031,B,new,0,0
B-new-032,B,new,0,0
B-new-033,B,new,0,0
B-new-034,B,new,0,0
B-new-035,B,new,0,0
B-new-036,B,new,0,0
B-new-037,B,new,0,0
B-new-038,B,new,0,0
B-new-039,B,new,0,0
B-new-040,B,new,0,0
B-returning-001,B,returning,1,40
B-returning-002,B,returning,1,40
B-returning-003,B,returning,1,40
B-returning-004,B,returning,1,40
B-returning-005,B,returning,1,40
B-returning-006,B,returning,1,40
B-returning-007,B,returning,1,40
B-returning-008,B,returning,1,40
B-returning-009,B,returning,1,40
B-returning-010,B,returning,1,40
B-returning-011,B,returning,1,40
B-returning-012,B,returning,1,40
B-returning-013,B,returning,1,40
B-returning-014,B,returning,1,40
B-returning-015,B,returning,1,40
B-returning-016,B,returning,1,40
B-returning-017,B,returning,0,0
B-returning-018,B,returning,0,0
B-returning-019,B,returning,0,0
B-returning-020,B,returning,0,0
B-returning-021,B,returning,0,0
B-returning-022,B,returning,0,0
B-returning-023,B,returning,0,0
B-returning-024,B,returning,0,0
B-returning-025,B,returning,0,0
B-returning-026,B,returning,0,0
B-returning-027,B,returning,0,0
B-returning-028,B,returning,0,0
B-returning-029,B,returning,0,0
B-returning-030,B,returning,0,0
B-returning-031,B,returning,0,0
B-returning-032,B,returning,0,0
B-returning-033,B,returning,0,0
B-returning-034,B,returning,0,0
B-returning-035,B,returning,0,0
B-returning-036,B,returning,0,0
B-returning-037,B,returning,0,0
B-returning-038,B,returning,0,0
B-returning-039,B,returning,0,0
B-returning-040,B,returning,0,0
A-new-001,A,new,1,40
A-new-002,A,new,1,40
A-new-003,A,new,1,40
A-returning-001,A,returning,1,40
B-new-001,B,new,1,40
B-returning-001,B,returning,1,40
,A,new,1,40
,B,new,0,0
